,close,30,90,180,360
A,134.83999633789062,5.245083887613755,19.291126997576292,11.304598322638014,-5.299316617179484
AAL,14.640000343322754,13.225057987527444,21.23677514058937,-1.1968105427681452,-6.692155928246979
AAPL,182.30999755859375,-0.07519533349017449,-2.949753622052631,5.810011891342426,23.439597459314744
ABBV,177.49000549316406,9.534690722770755,28.906134785915395,18.45544144456337,21.49280719248372
ABNB,152.50999450683594,12.987108708079731,24.018875775877625,18.503118376287155,18.426771200866
ABT,114.01000213623047,0.0702201622403198,14.705156202856017,9.174314654285599,12.229487549703745
ACGL,86.11000061035156,9.457229712181636,4.545458278846892,12.799049915244165,27.475938889851427
ACN,369.4800109863281,4.476181920839317,13.737800550094658,23.41683343030685,39.39670510332833
ADBE,546.6599731445312,-8.293911166966428,-2.0276725264105733,18.997100610892083,57.67521023855468
ADI,188.24000549316406,1.5154036177394747,2.935610454379556,7.020061877174677,3.1482269604355295
ADM,53.650001525878906,-21.41993424630715,-25.873963087141394,-34.67688510159448,-32.29804670790715
ADP,252.97000122070312,7.468457401180406,10.544444312087187,1.0492032049894906,15.150225356614655
ADSK,258.29998779296875,8.3155057117281,20.208897896705167,31.29508365588618,19.83297802642379
AEE,69.51000213623047,-1.151873666252834,-9.096306435033174,-13.464704692537167,-16.649017539009304
AEP,81.3499984741211,3.2063172558193243,6.3399928342282585,2.018234626232629,-6.602720078917312
AES,16.770000457763672,-2.628031262919295,-0.33611929822097153,-8.44349875340672,-32.00041732576321
AFL,79.37999725341797,-4.165162986080295,-1.9567060533281389,6.585470676842653,18.534338632301385
AIG,70.04000091552734,4.928840322887407,9.615471091274674,20.723382899217402,20.190402961253607
AIZ,173.72000122070312,5.015314733783005,7.893726500034881,23.76020467785147,35.36488811594314
AJG,239.22000122070312,2.2351363753832842,-1.7758459455604836,8.722876331795337,29.56333148406438
AKAM,109.19000244140625,-7.238124806162105,-0.7119364885680324,13.776017161222565,42.91884850868808
ALB,122.58999633789062,1.5658653168474368,-7.499386170554734,-37.31022780649271,-48.89383040265888
ALGN,308.7699890136719,18.959004437488236,49.90804777808653,-13.588876396312521,1.5690753334447027
ALK,37.52000045776367,11.633441762592135,2.6931494115082,-12.78934103848064,-21.47341687664268
ALL,161.77999877929688,6.05047233228011,21.434541995239286,54.26872384455124,24.023554431019424
ALLE,132.4199981689453,11.539754723194108,25.827761538310877,22.864866842510235,17.00973753401691
AMAT,199.57000732421875,30.123240319418798,26.565199650307726,31.077225377368812,81.00267773947252
AMCR,9.039999961853027,-4.439747088798274,-2.758248973471966,-3.9681085981740694,-14.275206992893407
AMD,173.8699951171875,8.553410192208165,46.54285398931872,69.46420305346538,126.48170212326147
AME,173.88999938964844,8.633717394313333,11.793664745023968,12.641164492147805,22.41759840088755
AMGN,283.70001220703125,-5.972830047000022,9.774205006579685,11.660965393490862,23.086645616611158
AMP,397.79998779296875,7.288326280841839,14.770737051605165,18.639203190877794,18.74003448396482
AMT,187.1300048828125,-8.694799868638171,-3.428107653215584,8.75736318125,-5.443908730554947
AMZN,169.50999450683594,11.732902910313904,16.958266715826632,28.344088095510255,79.22392812978198
ANET,261.75,5.124701484126937,24.167168586474386,47.15299839780174,94.56626951243332
ANSS,329.8500061035156,-0.11809112838896407,10.525619592151191,12.785810906162132,24.0924002607559
AON,311.239990234375,2.843072609017594,-4.464613207049339,-4.424160470703164,2.9558833847084243
AOS,80.08999633789062,0.3558586859384594,6.465966903672604,18.798251153047563,24.073029604334728
APA,31.56999969482422,3.3085531697475634,-14.546417453476979,-31.661468305158024,-14.77906456480963
APD,226.85000610351562,-12.796958049653062,-15.40146691200519,-22.84803175226946,-16.206614466633397
APH,105.5199966430664,10.689179289087392,18.06542674926417,22.723755880029195,36.77893891549715
APTV,78.95999908447266,0.1268050638437046,-2.180335841848424,-17.45932242730929,-32.106623377015275
ARE,119.27999877929688,-3.17396183506784,16.240332326317652,0.7107382213647151,-20.888010534050917
ATO,113.94999694824219,1.0732651298563711,1.0443509473078372,-2.7100945081272143,0.1642124882504259
AVB,177.1199951171875,-0.7063626702178638,6.106135630042631,-1.6119650484928583,4.560784274161578
AVGO,1245.47998046875,12.848943151207258,29.98343263426133,54.3797796213912,119.04366984491608
AVY,208.8300018310547,6.345168316794747,10.306417896819742,17.49395850959776,18.720735405166387
AWK,122.81999969482422,-3.804810732573738,-5.388166851355325,-12.292050154454092,-15.029579758516508
AXON,269.79998779296875,7.700288894304541,22.06462044034594,35.35231787938069,42.17209343875301
AXP,212.55999755859375,17.43646273955455,31.161793822053863,32.5910660859148,24.310071008539346
AZO,2727.830078125,2.1961598392548742,3.7239425273993154,10.920978215047029,6.011728549740258
BA,203.88999938964844,0.40874709003932974,-1.3026300435180604,-10.266926821228928,-0.7931125189407751
BAC,34.09000015258789,7.20126091342328,14.549450915899032,15.674029436383474,1.8291901968559454
BALL,62.09000015258789,13.65549869781475,19.30462633805856,14.452266405044224,10.452866006083394
BAX,41.220001220703125,6.53916434167976,16.381250605238783,-3.7177139541651916,4.27608558115693
BBWI,45.400001525878906,6.049988482840329,54.97274882193939,20.897327629108364,13.31775754325777
BBY,73.75,3.6688229304811415,10.803133531108887,-2.644545599187864,-6.812645946261986
BDX,240.75999450683594,2.7571452714198585,3.288241495839972,-12.161414472679033,2.044010778667271
BEN,27.270000457763672,-0.3653649192673081,13.958847232028893,4.30339503512156,-4.542794234271097
BF.B,,,,,
BG,91.68000030517578,-2.260250033978417,-14.478976510302587,-19.950903820713993,-2.095913518178205
BIIB,219.0800018310547,-10.678029104738297,-2.039471007229987,-15.47386151551594,-19.43514590821136
BIO,340.5199890136719,11.968957806427106,9.810939027229715,-13.805428074760574,-27.26418610090422
BK,55.150001525878906,1.3073382087856134,18.04722363938098,25.984985124327387,13.361975107830082
BKNG,3716.840087890625,6.502770620855514,19.628734936906955,22.2297107388175,53.240792699848114
BKR,29.149999618530273,-4.637276784669675,-12.748296908189483,-17.116841309506768,-0.7680656817836029
BLDR,183.7899932861328,11.6449998405715,39.92065520846826,39.2053053356052,139.40341451445417
BLK,794.0,0.8343608175112927,12.068648979444907,18.817910820412752,17.41178634584506
BMY,49.86000061035156,-0.24009390352907056,-1.625154038045451,-19.498295052653404,-27.230651526321846
BR,197.9199981689453,-1.9955428770467964,8.98966300630677,10.686582447885362,41.180976111131116
BRK.B,,,,,
BRO,82.69000244140625,11.224434610820744,13.503494573260744,15.553609305449335,48.03416041391977
BSX,65.81999969482422,7.972442065848839,21.62310664760487,31.400674940736906,42.37508186581358
BWA,30.610000610351562,-6.420050543865519,-8.216937380398647,-20.97557339477295,-28.52049921988542
BX,127.88999938964844,10.159441003923874,25.04048843940796,31.738431689563917,45.74842977063409
BXP,67.36000061035156,0.6575051605581805,22.792367133998702,2.971174025587664,5.195350487539208
C,54.849998474121094,7.8144612635407285,22.87686121941168,30.657419362940264,15.099031240746852
CAG,27.209999084472656,-4.754873527045955,-2.431195211788395,-9.241005226688658,-21.78683706969914
CAH,104.44999694824219,-0.9577111179580711,2.008813370621443,21.926569200315683,36.693535825856216
CARR,54.0,-1.925174985202982,5.669844300428539,3.7682447401090613,25.14488339753047
CAT,321.9100036621094,16.068397116035094,28.251766203701045,16.808397006278852,36.45279675049156
CB,250.89999389648438,9.92332700831735,13.200613122159965,25.10861453189652,22.230879911652913
CBOE,186.69000244140625,-0.23513195635397333,5.642160010562813,23.90371423671358,47.42528733970177
CBRE,93.12999725341797,11.399520278994913,20.68083412891626,5.589984716178464,8.555771371442123
CCI,108.22000122070312,-0.25806339105702847,5.3282481170422225,8.737735420451532,-16.302095331246246
CCL,14.800000190734863,-12.21827013666843,2.9073719153810407,-2.0525958415151146,32.97394464113441
CDAY,73.26000213623047,12.777098474038851,6.350124791083522,3.492703149282117,-0.5565305319739644
CDNS,290.29998779296875,5.414129907202803,10.213600304231619,36.35909592973277,50.687774196844316
CDW,241.3699951171875,10.17938880148266,13.078212281369762,20.249861607271136,18.886828830327907
CE,151.05999755859375,6.265964929831869,17.063055110470238,26.631081374299125,36.61089785880951
CEG,131.16000366210938,17.190855796942483,8.061465495752017,23.09642689710991,65.18301388548188
CF,77.69999694824219,3.971963499380471,-0.20418510059456718,-0.7209728256364678,-4.803356463468267
CFG,31.559999465942383,0.698715739887934,15.71456375989666,16.48574801247069,-20.25597755016807
CHD,97.77999877929688,-0.6438348836794616,5.707137837114251,4.818145153444919,17.77660048126206
CHRW,72.25,-14.939960061998036,-10.102550033576584,-21.171666206620866,-25.64595502130643
CHTR,293.0,-18.43892440570405,-27.8538126461786,-31.676457786460567,-22.468313312506993
CI,341.0899963378906,10.571182634264042,20.609565792125075,23.807384609822655,18.1453103862204
CINF,111.86000061035156,4.249764612209894,12.239809706275008,8.343339785744197,-7.792456656986846
CL,83.4800033569336,3.72863703934172,11.232114159052454,13.703541503103512,15.28554951517318
CLX,151.0500030517578,5.660422671021781,10.731870045109627,0.7640004113296683,1.0844363134781654
CMA,50.34000015258789,-4.441913703554001,15.160548486307924,9.875731099280195,-24.07875292507561
CMCSA,41.2400016784668,-2.621007876381831,-0.8055596442925528,-6.955239430407101,12.061739371189507
CME,212.25999450683594,4.577027752998419,1.8757057202530847,9.416048613437166,18.456103486298957
CMG,2598.429931640625,12.464725227139638,21.07926277032126,41.69316518453201,65.58313571176204
CMI,266.4800109863281,14.32984764582379,18.762910832851375,13.147674807521526,9.088277630375362
CMS,57.27000045776367,1.0825327171914534,0.6071961147068095,0.9194210005186498,-3.094110333386113
CNC,78.73999786376953,0.9487152099609375,7.836389469187055,21.648346837780696,8.952541194456876
CNP,27.8799991607666,0.12370634907423739,0.9878655520332957,-1.5558867398979492,-0.8338030286460296
COF,137.22999572753906,9.328126852892504,27.198210611544948,29.945968903318576,29.764937803116243
COO,372.010009765625,-1.7950919555434708,11.108807768584917,0.9567429697121099,10.318736356115066
COP,110.56999969482422,3.5221499325763794,-2.4418845269082556,-5.166048266450119,9.14803246492928
COR,231.72000122070312,6.176350042670498,19.785247869428858,28.98055334877345,45.549042621730294
COST,723.989990234375,5.972654747289319,28.575739568956582,36.24361915614189,48.65454180882827
CPB,41.45000076293945,-6.051673240217948,1.8205235277745535,-2.7603913649374756,-19.74961667166053
CPRT,48.959999084472656,2.534029496277812,-0.9757102081964786,13.357907177218786,41.83081817851302
CPT,96.16000366210938,-0.43487074030088557,12.618983622417822,-9.769101904505073,-15.224447761629722
CRL,244.9600067138672,20.361635992267747,29.813797403729538,23.237809270500986,0.5582925189967503
CRM,289.7200012207031,6.734452775892108,31.968176851309373,41.1658406052144,79.25999874621503
CSCO,48.439998626708984,-3.6978143907825944,3.5212628629995857,-7.272527986170585,0.45178664209504227
CSGP,81.4000015258789,-0.35500172219403714,0.2780076371407425,5.147526800574598,7.077091713214645
CSX,36.720001220703125,6.775230800835752,17.41753827486796,20.702031742602635,21.75376312505517
CTAS,614.6599731445312,4.609074238909616,13.58407330078939,26.810243245983244,42.47979862146478
CTLT,58.13999938964844,19.67887443034746,44.06822213575021,28.35887701368027,-15.321881315696018
CTRA,24.68000030517578,0.36600305827334534,-7.813084682571558,-13.293570345310235,12.319122629085033
CTSH,77.0,2.109935675826735,12.680530088449471,12.007864861565643,21.110496511270902
CTVA,54.79999923706055,22.212308319757735,15.961457266556934,7.251331095366709,-7.67493587756618
CVS,77.0999984741211,1.0524577964423631,12.332137263376563,16.398512176084257,-8.968481612817857
CVX,154.6300048828125,9.221137130089986,8.089039983487712,-5.162866552065037,0.022079445536471454
CZR,42.5099983215332,-3.8017659139739535,-5.989980416336282,-17.984643390227728,-17.005081397087785
D,45.86000061035156,-0.671426404349007,-1.3051629740514215,-4.742656987605132,-16.717735278907643
DAL,40.119998931884766,8.023693029642075,13.699385575642143,-1.291158030610362,8.670591484604738
DD,68.44999694824219,-6.335529237555415,-3.4015561045189546,-9.82313294054402,-4.28728797991158
DE,360.67999267578125,-4.735742154061828,-4.7248251939222214,-2.384083687656535,-14.426316417872409
DFS,110.48999786376953,1.6093434195137757,29.218109047845896,18.778043255964462,4.161273870562399
DG,141.5,3.1641850554204654,11.988622943810135,-18.206307740499593,-36.538847795444916
DGX,124.0,-7.268920978141768,-6.299005624555864,-3.2645978410294596,-11.79027299601353
DHI,141.27000427246094,-6.844495433521636,14.02436565160472,24.576023902740296,57.886945137342096
DHR,250.0,11.318905495453713,19.94266720625213,11.518014502176023,12.985264608538195
DIS,111.5999984741211,23.53332189290065,19.8263202621781,30.204264373641855,9.6715835920679
DLR,136.22000122070312,0.4868719932103138,11.461038039537396,19.408100630297255,31.01635144549526
DLTR,143.3699951171875,5.886264091559945,23.608690344769023,-2.0516719598563826,-2.0830508741289555
DOV,161.4600067138672,11.783442249224073,18.465978240211257,15.274675945705907,10.263610801275803
DOW,55.47999954223633,5.736608064620263,8.176758288461894,1.8376146334007748,2.876583318030801
DPZ,421.8500061035156,-0.13020544529257494,14.386897129894471,12.731934728534133,22.15833803914706
DRI,162.4600067138672,3.0118570780469867,5.022399972367042,3.470831341617897,13.610044995940896
DTE,107.80000305175781,1.9771109501335316,4.977479710335997,1.573931566676512,-1.381642052841392
DUK,91.87999725341797,-4.035156444856824,3.7753705445797925,1.3123623969514941,-1.685067167897869
DVA,122.22000122070312,16.789297122446122,24.65682007228882,21.51438226542841,47.075816443925376
DVN,43.459999084472656,5.7678241009583076,-3.0965789631572704,-13.987924860921819,-14.142711114473894
DXCM,117.05000305175781,-6.695890076386391,12.117748949967977,10.089577218606994,2.666433522117506
EA,142.27999877929688,4.142880884496036,7.890711589068,21.244306626627264,27.79984498663335
EBAY,43.45000076293945,6.8355119723533475,6.835584777958514,-0.7222422992231303,-7.143115107443876
ECL,215.3800048828125,9.086305824337826,17.764498198075707,21.689591347215377,37.82820892336518
ED,87.31999969482422,-2.663915848715337,-2.5325564488088537,-0.9581371349164924,-2.394627119680448
EFX,258.0799865722656,5.657902389350511,27.189540107592446,30.766295172219426,27.33989992013366
EG,367.8699951171875,0.7311015391321174,-5.130713879607251,7.445562456476473,-1.8617375076955711
EIX,66.30999755859375,-4.314582051217119,1.9092769953776623,-3.6868355357516758,3.828530296288868
EL,146.3699951171875,15.90908816288672,17.991307709080818,-8.100283797957875,-40.533505210081074
ELV,512.6300048828125,7.668237028490843,10.24810308109143,10.064282320566619,8.439242370182164
EMN,85.19000244140625,-0.6066930913788959,5.528715591972078,0.10367835900260136,7.390139575143362
EMR,106.1500015258789,15.426487867366113,19.004118878197463,11.57211528899671,32.33818471179457
ENPH,131.8699951171875,24.936041027420288,46.877017545964094,0.9820460451591906,-34.60451321169786
EOG,113.55999755859375,2.6484682074646493,-5.94391447044047,-12.711528407306528,0.07952822041554786
EPAM,311.9800109863281,5.9714733200793235,16.635696870057327,16.18698164400625,-3.462574489111292
EQIX,856.22998046875,7.181483134612154,12.951816864278731,12.212514601453917,24.202848264693678
EQR,60.029998779296875,-0.28239531808650353,10.043396512127668,-6.124146654395545,-2.5617464814127744
EQT,34.70000076293945,-3.059802543055834,-14.56526710481112,-23.89472753695081,15.895496026936629
ES,58.869998931884766,7.505479796071124,1.2639208491816767,-9.589850617119266,-21.854864828570452
ESS,235.3699951171875,-2.6149229427687826,12.209307544260529,-1.8669945824838607,6.028496226192548
ETN,277.5199890136719,16.968724369449472,21.066727326715796,28.917280187790805,65.47178548910824
ETR,100.1500015258789,0.5949472095086117,2.065814197420779,5.031821134959258,-2.6901596522457716
ETSY,76.56999969482422,12.075526986023988,7.210814069979632,3.2664728950708932,-38.6679490999704
EVRG,50.029998779296875,-3.398343512488322,0.385909395678774,-11.658193664561189,-14.43457251779755
EW,86.0999984741211,16.635056664945868,28.60986390597393,12.353093311936236,13.964255454941132
EXC,34.90999984741211,-1.9106499080088768,-10.500642034593966,-13.922662025243604,-14.354819886717296
EXPD,124.16000366210938,-1.8963289686958484,6.447438992897481,9.18597550896778,19.424051699763133
EXPE,135.25,-8.180585744810687,1.5764729575510783,25.753202570211453,25.19670603376849
EXR,141.57000732421875,-4.454336860557406,11.773524763488297,11.824529077344526,-6.653769673984044
F,12.300000190734863,12.084198425631243,25.19790317240158,6.654199917914072,7.6268043000703
FANG,179.4199981689453,19.789023655503858,14.325975824761272,17.221271406387363,41.092313085490105
FAST,70.23999786376953,11.452547426666793,16.85690581319419,24.203092741228005,40.73004623770369
FCX,38.83000183105469,1.5428873605937143,6.637297032226952,-3.483623330109775,-7.5996221943139375
FDS,458.4200134277344,0.0,1.6788810553574285,8.017818691537016,9.643115347656806
FDX,237.58999633789062,-2.3428817894447618,-7.154204018492516,-8.956217141504297,17.961146991561193
FE,37.38999938964844,1.3074953620457075,1.4713808969648356,4.433070396420469,-3.5797108207028194
FFIV,182.35000610351562,2.7845117746656767,12.545984317730131,18.632491512962112,27.535327704862688
FI,148.0399932861328,7.712449546299727,19.285938364478696,20.736170483672357,30.06500938592489
FICO,1282.06005859375,4.218965254278584,24.986800614081805,52.91266807155799,92.79098625469926
FIS,63.650001525878906,6.43813099989532,17.46178955377453,15.17792336744006,-1.670175443559141
FITB,33.93000030517578,0.41432194689319246,24.244322263304486,34.15842797623543,-1.1710302893197744
FLT,271.6199951171875,-2.27035502640216,18.285300361082957,3.870645414804774,29.540254008488674
FMC,52.34000015258789,-5.642691543599643,-2.6729518566853794,-41.50813819860177,-57.311780485391765
FOX,27.950000762939453,-1.515145914526983,-1.0200524530931787,-10.581473310008938,-14.846952478720532
FOXA,30.440000534057617,-0.6527377923460032,0.6587577456194982,-8.843271378968854,-14.570210082639147
FRT,100.41999816894531,0.17956934258958057,11.604461656282394,6.924488193624079,-1.2033195114183326
FSLR,156.97999572753906,6.600571494827756,3.070567911009636,-13.011927707346649,-2.4908439212366296
FTNT,68.4800033569336,12.966025344013389,37.0659470090458,24.00279468619877,14.68766438943312
FTV,84.31999969482422,18.92806471103803,24.391385253173993,10.085889116809543,26.45955522174721
GD,269.44000244140625,8.361147203155816,10.929475195914762,21.27553556363704,18.09709927421663
GE,149.16000366210938,17.559904548383187,23.791516015684678,31.225950881761435,81.8746577762447
GEHC,86.0199966430664,18.240545213836977,17.347541024399526,21.768595325653184,18.887316468944903
GEN,21.360000610351562,-5.845862299012827,4.143993986785088,5.308983748790275,5.705493682329976
GILD,71.58000183105469,-17.2294183019181,-1.8710388865765593,-1.9144285135559658,-12.163365194177322
GIS,64.0999984741211,1.6008849565548378,-1.369676201174519,-9.49188888406669,-17.381230506810873
GL,125.52999877929688,4.625767017068982,6.545276499943853,11.918490294590377,4.761058239328242
GLW,31.90999984741211,6.901170651981592,12.464885161939133,0.5762815193134596,-4.480785199652503
GM,38.70000076293945,10.539853237115636,39.498270021341696,16.49635065239805,-4.899796740936891
GNRC,117.27999877929688,2.4368948970085125,5.748332808194068,8.90163573278635,1.3043121534208835
GOOG,141.75999450683594,-0.7908215323950585,5.111727672850863,14.85442095748395,54.00324802501877
GOOGL,140.52000427246094,-0.6715183007315662,5.5132708953281595,14.498668986092,53.08857486751626
GPC,142.92999267578125,3.5874743452062763,5.332357646326202,-5.738186598908602,-15.90798505439418
GPN,134.19000244140625,4.803193906399161,23.23702235988947,12.467015684049954,19.69021974864753
GRMN,122.19999694824219,-0.9483713806371474,4.3237136160945155,22.494868013993695,33.639872662887214
GS,384.44000244140625,1.9248130618279014,14.562590625681748,18.278524218538305,9.83173611988426
GWW,935.7999877929688,11.745708213704553,17.868536025510927,34.81766172752161,44.00801109673842
HAL,35.310001373291016,6.227435590549879,-6.56402950199052,-12.462180199516503,-1.2423149506697317
HAS,50.779998779296875,8.999162097424174,14.651126887841691,-14.881699983959084,-5.070942534984912
HBAN,12.869999885559082,5.147059854751657,17.263525109634227,17.21487950835772,-9.561865525478696
HCA,308.54998779296875,11.03713198907219,25.157680766071945,14.046126992237419,21.588011684302554
HD,362.3500061035156,1.8695512140195936,18.301358850928338,10.864890155888274,26.034891758569767
HES,148.42999267578125,7.487867776163748,2.7652291093411607,-7.7207917426168615,10.586724760981102
HIG,93.05999755859375,12.964312528831346,22.356666568715934,28.887533958670296,23.152656141604623
HII,285.0899963378906,11.883363709987083,21.033490779032206,29.16387005143242,31.379624520510795
HLT,197.57000732421875,7.655842809865376,16.560705619965745,28.029169123413734,37.67274287778868
HOLX,73.79000091552734,1.013001824579285,2.6854045240280344,0.0,-9.114424563811774
HON,197.1699981689453,-0.3940382881141513,3.5249150137110385,5.057700295084544,2.421053232306236
HPE,14.930000305175781,-0.7313806978473836,-3.4525290231848804,-9.068334043941062,-3.649631981701895
HPQ,28.579999923706055,-0.24432703579844173,3.4837250271201325,-6.307046672051586,2.1634097635299554
HRL,28.989999771118164,-7.113102782687896,-9.681316749881786,-25.412246988381504,-34.23665306554775
HSIC,75.6500015258789,4.229814848958391,9.818181818181815,-3.711443364455458,-7.743900578196461
HST,19.719999313354492,0.1015154804088203,17.926456825343728,24.696376554981114,22.09338013657176
HSY,191.16000366210938,0.5166861703386649,-1.7448928650145357,-12.047756544244525,-18.83587017224244
HUBB,358.8800048828125,11.585103641348148,19.716804114323793,19.40304162479334,46.591347720122215
HUM,366.9200134277344,-18.054313599869143,-26.781310023637438,-25.843982084649355,-26.55470025459481
HWM,62.81999969482422,17.36643239780682,23.030078698863264,30.17497993669216,49.7912840298173
IBM,187.63999938964844,14.011738489702052,23.339438176503325,32.483181699098516,49.07227859984366
ICE,137.1199951171875,8.972417644316089,23.320704421255577,21.00530267538703,33.67969504896382
IDXX,555.5399780273438,7.771397353232867,22.674634798002447,15.882824060390387,16.180430061891006
IEX,227.47000122070312,10.939333139398455,15.336229434536763,4.099268470556949,2.3909346620722305
IFF,81.19000244140625,2.9285056648353125,10.69476680689434,27.35078717438828,-9.693048033678997
ILMN,143.41000366210938,7.374967268320254,54.86642048010344,-15.83542371381148,-29.29895175938716
INCY,57.959999084472656,-5.725439954412259,8.660403027999397,-9.60337513734757,-26.1561973984629
INTC,43.5099983215332,-5.259378531472336,0.842540418431148,35.771776368454546,69.29569179977042
INTU,655.739990234375,9.319145251434735,18.766192008452332,35.662711692270555,66.6035111333725
INVH,32.70000076293945,-1.238296103455605,-1.1899462122792803,-1.781491320152262,4.6379140260079055
IP,35.79999923706055,-2.981035889786887,5.06290764718782,1.5071603573764358,3.431787682996945
IPG,32.45000076293945,3.146858573671807,7.88120889421795,-0.003619742556937311,-8.007352427497139
IQV,238.60000610351562,13.128823650189346,17.911035273740627,13.781664679867411,12.029303638803569
IR,89.47000122070312,15.519696250593263,24.843574084925613,30.155819580083822,58.8914813753211
IRM,67.9800033569336,4.040415009194032,12.178795485624171,16.58573246185069,40.03610965604829
ISRG,378.6300048828125,5.503232203323538,24.531582464588354,33.505855383292,62.09863940178857
IT,448.6099853515625,-1.2698665146451904,8.668378026582978,37.089743629089256,32.634589119797575
ITW,253.9199981689453,1.4786975182605966,7.619602183158203,9.010448215087319,11.228073247741378
IVZ,15.4399995803833,-6.051895289785858,14.85285543310535,2.994693490878686,-8.181102563157339
J,147.5399932861328,13.109468356846964,8.853085337806487,8.253872236653613,25.03548521853871
JBHT,211.6999969482422,10.64934810139151,23.102044951499145,14.403499148995301,16.07657187701581
JBL,138.5,14.04821626894801,7.406535472277143,38.159340460576985,68.01038781227528
JCI,56.86000061035156,4.849716190882303,10.634138838287077,-2.4276796608888263,-6.974653594590952
JKHY,172.47999572753906,4.054054924830486,14.682969662334578,13.812205445107484,4.944259164664544
JNJ,156.5500030517578,-1.6775928576090227,6.271872139240076,-8.32686486997687,2.12950030445751
JNPR,36.91999816894531,-0.8060264425540642,38.20923509504499,33.37969309262259,20.92488264670567
JPM,179.02999877929688,7.14585115991091,18.42633887870131,19.770664285158833,31.879437462949724
K,55.470001220703125,1.7238262652650826,6.054949459005043,-5.032007144295481,-10.757978516926158
KDP,30.969999313354492,-2.425962392300751,-1.3663210457807717,-6.60587580233849,-10.623586188917965
KEY,14.069999694824219,1.661846385119592,17.25621272246429,32.69482768884544,-18.643779927234437
KEYS,155.22000122070312,3.645837950146258,16.12855696622535,19.72637028342166,-15.171054298291242
KHC,34.810001373291016,-7.885682641018121,5.09015431803681,3.8902041203676907,-8.731615891235267
KIM,19.6299991607666,-1.751753701144232,6.87667968343999,4.958705983020928,1.1780841391203722
KLAC,661.3499755859375,17.834646756772443,20.070146365552375,37.174591184411156,76.7463240166637
KMB,118.29000091552734,-4.078818352047064,-1.0347591407527168,-5.897574663349814,-4.976846524668166
KMI,17.110000610351562,-0.9488543091862978,1.7161665763314904,-1.6594319681568326,5.383634992998942
KMX,71.87999725341797,5.955190350254913,16.195092094196607,-11.795364261747155,4.796619173618288
KO,59.38999938964844,-1.000170481798346,4.5633606924836645,-1.1710540923879353,2.447678992711877
KR,47.63999938964844,3.0412946865977952,11.145577434750864,-2.6982335104161037,9.384797554469081
KVUE,19.049999237060547,-8.262672030119589,-2.20278793484433,-14.060010298725722,
L,74.33999633789062,4.79277386449577,12.373561398673715,19.481552137215875,22.678616045480737
LDOS,123.83000183105469,14.118513863441361,16.48572818381131,27.35079916679888,25.747918540285152
LEN,150.22000122070312,0.7388298833014506,21.341407990774574,32.37670692721433,58.89452557486543
LH,216.63999938964844,-2.852018210919982,4.916873040850622,6.746499024570296,3.4028800289457983
LHX,211.97999572753906,3.637431644479605,13.78103075095034,17.273794454167344,2.2653474162585674
LIN,431.6300048828125,6.11678054893976,5.42685890896335,12.25816314156749,34.828854466096445
LKQ,50.040000915527344,6.354945222000374,7.994727624072762,-6.150233540973349,-9.218444695767936
LLY,782.0599975585938,24.56963234895948,28.2905889819536,39.09176350099914,140.78863422005244
LMT,424.07000732421875,-7.09794593507559,-4.1701029545486605,-5.7941747172347124,-9.103262540428203
LNT,48.349998474121094,-1.4403544664845502,-0.717153159870032,-4.091603482651118,-6.054463921728493
LOW,226.85000610351562,4.558906808730079,12.654947431628605,4.586586789745084,14.721368874211581
LRCX,926.030029296875,22.995085571626774,30.832348685106826,41.050005772558194,95.97276183422456
LULU,449.6000061035156,-4.013660981627487,8.649751049556453,20.829285092792915,43.13457930995352
LUV,33.93000030517578,20.704374131820515,38.733880191713176,6.229270106016038,2.788145073313242
LVS,55.25,15.010927004307838,12.446323866159581,2.965156988356732,-0.8149381984141391
LW,101.2300033569336,-7.639782301840759,8.439528534942987,9.267974750460684,2.1002217308549787
LYB,97.69999694824219,5.393743435387255,1.5840336809322064,-0.24566547084112766,8.467207766027162
LYV,93.25,3.2554562295262546,4.720985969832725,5.936724934785365,24.250494614491448
MA,468.1300048828125,9.524587098437575,17.917259482747493,18.978659726415394,32.308196816895915
MAA,129.1699981689453,-2.879700624853143,7.858717949614014,-11.09485585485832,-18.483795721202977
MAR,241.6300048828125,6.117702293046889,17.167601137720357,16.771205398454136,43.06135277597745
MAS,73.16000366210938,8.707281344170026,22.24255965866615,30.02819276345454,41.416989913089395
MCD,292.0199890136719,0.29536520838917557,6.476439377298293,3.4483155278493216,11.201354184546219
MCHP,81.61000061035156,-2.0758288979579875,-0.7065376816577373,2.531349544079431,2.709749997527511
MCK,511.05999755859375,5.195337749342777,12.476100701548386,19.549153552828848,42.18438241745852
MCO,370.760009765625,-2.7591242780509284,4.867703037034721,12.304250119937056,26.95672364972168
MDLZ,71.9800033569336,-1.8008180625751935,1.987780676309181,1.6050045163921611,10.565254276120296
MDT,84.41999816894531,-1.89425313771584,14.27191302820332,4.3935779147639575,2.0851573647445942
MET,68.7699966430664,2.828266995577633,12.058616335808981,11.62060781647054,0.17759815938067636
META,473.32000732421875,28.49038021504551,44.46931304754864,67.08914343487974,175.05811383528257
MGM,42.540000915527344,2.1859231901607767,8.291455528440528,0.6111855099615315,-1.0237287840745513
MHK,115.41999816894531,15.697670105629946,38.13759517510953,19.54717929694516,7.778506037829946
MKC,66.1500015258789,1.7379343911931855,-0.6086150066731189,-22.578546242954502,-10.533308554888709
MKTX,219.0399932861328,-16.947336935077196,-3.049280354646966,-12.316671989512805,-37.620668440258264
MLM,539.8699951171875,9.484889157323106,16.11002470203391,25.524049888298173,51.10354825296724
MMC,200.3000030517578,2.3819757770119354,1.945433833122423,5.4688720277971115,23.968033342059435
MMM,91.25,-12.551237681277671,-1.495261397604597,-6.135024660149968,-11.131975219561674
MNST,55.02000045776367,-3.6596045005278244,2.518702738380285,-2.5976319083195754,7.481933842163335
MO,40.18000030517578,-1.374573760970177,0.733726479326835,-1.4661520628145963,-7.577174946257514
MOH,401.7200012207031,3.943280325282883,12.68857869848674,27.28255655774394,37.26038978704431
MOS,30.549999237060547,-3.383939195995267,-16.14806340298336,-24.397437321359806,-35.83767398179499
MPC,170.00999450683594,11.848680596602602,15.828265468688318,18.113202743074417,40.55924457783531
MPWR,730.5,25.010700867663328,36.194095195164834,55.103357105035556,52.76490024277578
MRK,127.79000091552734,8.177434933301718,25.264145757841682,16.84525832176793,20.44160387169014
MRNA,88.37000274658203,-11.938212167116813,19.230764624203434,-15.420198164545805,-44.79979713406594
MRO,23.3799991607666,4.749101614854356,-9.076681311811141,-14.783500526595617,-6.858560999939822
MS,86.5,3.4798560374296184,7.759370049965542,1.1420922615796858,-7.800202197104444
MSCI,568.75,5.980221513948569,10.723150686893268,10.424273531502681,9.570111572578742
MSFT,404.05999755859375,3.937969302111477,10.128921725652296,29.8912675207748,61.228573743972525
MSI,320.489990234375,1.0913766736272867,2.081318960558165,15.730335587687595,20.92134885280452
MTB,138.30999755859375,5.612393454427256,9.781418521630524,8.857448898324517,-7.4293200475829435
MTCH,37.59000015258789,4.912079909546008,16.096210828188063,-18.130636880869933,-11.42789498364597
MTD,1187.43994140625,2.1014566987317185,13.693331648401209,-0.2954384172364932,-18.61442756058336
MU,79.5,-4.538903499884017,5.388476559614275,29.071031280912063,38.977003201403825
NCLH,16.260000228881836,-4.800935002851537,10.582718629672883,-0.7793828881099918,-4.240278755977311
NDAQ,55.41999816894531,-1.2297316590635599,4.1688236663583345,8.635187321493909,-0.7781270708900667
NDSN,264.07000732421875,6.128238485429427,14.12622356270763,14.152243949802457,26.01693362658002
NEE,57.029998779296875,-2.128027576326519,0.63801594456665,-16.17724767742682,-20.390592226176107
NEM,33.43000030517578,-3.7431593843805677,-8.089670113873016,-14.195282285151533,-22.995960296428862
NFLX,583.9500122070312,21.572674730182804,27.37653566310836,43.21064416434395,73.02222583912037
NI,25.899999618530273,0.8601336214557831,0.5898454763097805,-2.060339366985431,-0.17893320787449873
NKE,103.51000213623047,2.668123834109015,0.4218963619439853,2.1332144004539977,-13.420345677581624
NOC,450.9599914550781,-4.836670294498358,-2.666692101893431,4.631905042015783,-3.2897142852655104
NOW,765.0,5.1488609703930655,19.200442793111193,46.26038781163435,77.14074606315737
NRG,51.900001525878906,2.078663888102139,9.017910484273074,45.21169212716585,58.248022055875495
NSC,252.0399932861328,12.096379704192529,21.213059522541243,20.4704188155284,15.133546731893954
NTAP,85.70999908447266,0.327752286429428,13.233372656206456,17.993869752394897,33.517418964706415
NTRS,79.94999694824219,-3.605022190922147,8.196162601067858,4.995359802542554,-11.763781154565777
NUE,185.5800018310547,9.778171239805244,19.244385551042864,8.238178306806688,14.95006566390007
NVDA,726.1300048828125,29.54346188975192,47.398246555388866,70.7027590971253,251.70767698385944
NVR,7390.64990234375,4.0262618691496055,19.636713477989055,23.40482629715872,47.276030216004436
NWS,27.40999984741211,11.831903677883293,26.23175173351624,29.00520980846004,50.53219894207561
NWSA,26.239999771118164,11.754686042123152,26.01045713150194,25.88734000905424,45.31986693456087
NXPI,232.16000366210938,12.98423617350435,17.235530668107792,20.16973831141675,30.663307772346805
O,52.33000183105469,-8.101955811752449,-0.311272987360256,-7.015958524732369,-15.311241772276073
ODFL,423.45001220703125,12.065322771092468,8.216694194598318,9.775038094564659,24.102088195275417
OKE,71.98999786376953,5.7286517633873935,8.168923269315997,8.430650523262129,15.34568047471816
OMC,87.51000213623047,-0.1597254845535856,10.987182256366545,9.238138324933875,-1.1292703746940247
ON,78.63999938964844,8.814173298004668,15.122096461346658,-9.985677121983617,-0.8072646310579468
ORCL,111.30999755859375,4.58517075958389,-1.8576622401267562,-1.1484865698244917,31.107969071740648
ORLY,1051.050048828125,5.935542380020498,8.192663013904777,11.865676847348073,22.19664967638517
OTIS,91.23999786376953,7.177086364555785,9.494318913189549,8.922629221063128,11.607591400986394
OXY,60.52000045776367,7.648522133928837,-1.079101056727294,-10.033671973680525,2.375545281190261
PANW,366.4100036621094,11.013151055078275,48.18046379471834,75.6545292020721,119.55180358448514
PARA,12.0,-7.692307692307687,-4.244523402680578,-10.319179087594554,-46.500892394995304
PAYC,190.82000732421875,-0.7128337061160006,9.74171059015525,-32.49647833165717,-35.33641704768409
PAYX,123.37999725341797,3.4710156110637103,5.245697613108846,2.977403187695482,14.066082824056302
PCAR,107.7699966430664,14.846219020239925,22.583991512028547,30.985770874371443,52.694431349640844
PCG,16.43000030517578,-3.124992971149998,-7.7052174967819465,-2.1583444105754412,6.4023858497292085
PEAK,17.15999984741211,-12.881199981369274,7.855673355970216,-13.102509691490427,-28.60942760862608
PEG,59.790000915527344,1.6663824508621694,-5.658811272359399,-1.5436972851764041,1.518503678895189
PEP,166.32000732421875,-0.0720951186177432,1.4271885720176014,-4.599344900945246,-2.8864684834348897
PFE,27.6200008392334,-0.40626125136306035,-6.671184550777564,-23.925335388617263,-31.98812697648108
PFG,80.04000091552734,3.678761761077798,12.596938572448213,4.724358840930809,-5.48900529616364
PG,157.50999450683594,5.712109383920749,4.588321869736811,3.3180730512142986,15.442137097180053
PGR,189.08999633789062,11.861090144017904,20.70290715905898,41.14140654747642,33.57696287673004
PH,520.0599975585938,14.364898721118724,20.972711764229413,32.556999418443276,53.62966466173318
PHM,101.44999694824219,-2.2168704113328275,18.55524590659241,31.444175784179507,94.02817009920608
PKG,167.97999572753906,2.2584716372958002,8.271207647314437,14.33316376185414,29.659542818174913
PLD,133.38999938964844,5.147405602932054,21.695186193659154,8.881832479969564,11.071254752962822
PM,89.6500015258789,-4.3325126435376005,-1.8912792852056493,-2.790754857181288,-5.325081220855221
PNC,148.85000610351562,0.02015775958907895,16.049479436329683,22.868513631752553,0.4252125599538026
PNR,74.91999816894531,7.581847825348653,20.240109017739716,13.35330324812729,38.88982355109738
PNW,67.91999816894531,-1.574840583350623,-4.461239864868494,-12.451368049320477,-4.098134696595313
PODD,191.00999450683594,-4.922847033407251,9.462255229067695,-7.956709704868048,-34.62591577281919
POOL,387.29998779296875,2.7157455844367906,11.110160335357012,9.891600744214335,9.661391976575695
PPG,141.91000366210938,-0.3554122801735615,5.309371567214227,0.9148372828794882,14.57179223610412
PPL,26.639999389648438,1.1773621984072946,2.3511006941718815,4.943832156281669,-0.64217150031044
PRU,107.27999877929688,6.599365668227519,15.650794143624825,17.75794926678651,15.428025703894942
PSA,281.5199890136719,-4.407474019126701,12.299636882395237,4.835464866461181,-1.706049008844901
PSX,143.80999755859375,12.925144555783884,25.779831532233356,28.275848679503767,49.69659172067744
PTC,178.19000244140625,3.755675289354121,18.221386648629156,29.17173548261307,37.66223661967847
PWR,211.44000244140625,5.6354908937445325,16.95102785189009,4.800586287520026,42.44144833144192
PXD,231.57000732421875,6.6553115935877205,-1.4396566808157485,-3.2208561418114012,19.94528546314549
PYPL,59.13999938964844,-1.2522958885346602,5.588963205241648,-0.9256130158347808,-21.398191030350578
QCOM,152.69000244140625,9.596608106740545,21.241989988760967,41.70391002797036,26.738586621783924
QRVO,112.16999816894531,12.293521728231639,21.045913092050483,14.783748371834292,11.81219947185912
RCL,116.08999633789062,-5.170725311005963,11.625920538779532,17.57056536430128,61.77535239966034
REG,60.810001373291016,-2.6572751960535768,0.13809635493988726,0.22071688621059238,0.8564490709311423
REGN,948.0499877929688,2.0363116905844247,18.979847361526158,16.669125903562954,26.995922813732733
RF,18.479999542236328,3.010027826663486,14.649949886912527,-3.8223705913073447,-16.390607635925512
RHI,80.83999633789062,1.1511488864157648,2.333485178659056,9.306372813011809,3.6660359808863063
RJF,118.48999786376953,8.50732708347104,13.990308578940859,11.938803515636142,9.23525367918625
RL,180.85000610351562,32.161656637986,49.56698962296906,55.756554145068726,56.252462417502215
RMD,180.4600067138672,5.978165318248307,22.915767546125522,9.606827038893417,-15.310948662580426
ROK,279.7200012207031,-4.879081744796132,2.223349214796877,-3.5132106750432324,-1.3921596683044157
ROL,41.04999923706055,-5.349319234404226,5.780939841235466,10.20824648004277,17.226006956862385
ROP,545.5700073242188,1.5599703726292935,4.582800650227692,12.162526770952109,29.666375186551154
ROST,144.0800018310547,6.253683883366135,12.371509373354183,22.35236064556192,29.115782849708882
RSG,180.42999267578125,8.56197111241257,13.68922950943794,23.04352744725886,40.39077366860604
RTX,91.01000213623047,7.007641235292672,15.198293880484503,7.300303206279435,-7.203961562753336
RVTY,102.45999908447266,-3.046935287097474,18.380047787112332,-8.408366301325309,-19.952930096991896
SBAC,206.8000030517578,-11.210338843251344,-9.302128650306575,-5.3281541258733185,-23.064930013433283
SBUX,93.22000122070312,2.1911939247312384,-11.167131495784254,-2.1330878685424604,-9.07515194162013
SCHW,64.4000015258789,1.9053229935477978,14.282933256148045,6.809326158728601,-17.961175522466743
SEDG,85.05999755859375,24.684837344711298,10.064571202227057,-49.112971249297644,-71.11813020335518
SEE,36.08000183105469,4.367955306798987,10.455994730742923,5.434597804526464,-24.116097086789757
SHW,309.0799865722656,2.7253328756913886,15.62454165201177,15.395997010433259,39.83949831971956
SJM,124.08999633789062,-4.28363456007329,12.339405700250694,-10.98359386313097,-14.593137698152269
SLB,48.56999969482422,1.9976662597655181,-7.109499496084615,-16.49946270282393,-7.199408167578958
SNA,267.239990234375,-5.572247972539901,-2.500914752985728,-1.3539423028631203,11.45838848815377
SNPS,552.9099731445312,8.868406966422793,4.310181108160438,32.09004154279034,56.92066512469247
SO,66.4800033569336,-3.5132741863562744,-4.213830625920389,1.0061804569392097,5.586450392374553
SPG,149.9600067138672,5.516473308498959,23.410508840240006,27.48244958182231,32.33895990792082
SPGI,423.57000732421875,-3.2348715661973726,4.237081356206551,10.761564505476606,21.916056619755242
SRE,70.48999786376953,-4.18649156426647,-1.6317885802902832,-0.13623378946789888,-4.707710450528069
STE,231.22999572753906,5.64235680245837,16.69421312061847,2.1654489101490704,26.195438643534843
STLD,123.33999633789062,9.781929695620772,12.276052276583727,14.637135743003448,2.8485038145395603
STT,72.48999786376953,-2.945514132714888,4.969757635599348,7.2538950236535005,-15.709940413990886
STX,87.5199966430664,5.02819479172294,17.160961892727222,37.498411682572396,35.97871029205248
STZ,243.83999633789062,-3.1441795040662357,4.307480840126154,-4.536660853003005,10.896994920970716
SWK,88.3499984741211,-4.85677590629664,-1.4484696723752521,0.553281621600199,9.513484334986755
SWKS,103.75,4.193381503811389,12.884951732492688,2.4754260124429273,-4.775642901938526
SYF,39.560001373291016,9.179661015521635,34.23598084049968,20.406312111129377,16.5184234399125
SYK,349.29998779296875,11.355520259146479,21.272513744708665,26.424383890926386,35.15570193073299
SYY,79.5,6.468463840224725,12.728017159326278,12.140558644673094,6.386894886494154
T,16.969999313354492,3.412550098412681,9.237633751632846,24.655966890427173,-5.552309577943415
TAP,62.150001525878906,-1.754658275538501,5.248145219907041,-1.2109506178253793,19.106190912041733
TDG,1146.3900146484375,11.111220222770779,20.90160428966317,38.75446412553638,61.223403867225244
TDY,432.260009765625,1.6102127464205918,10.497073363481245,5.921262940653627,0.781051053813786
TECH,71.61000061035156,2.6551806542389755,16.861528864113517,-10.15020280012674,-2.345257962353353
TEL,142.39999389648438,10.73397376911538,9.3594849370618,12.327547181818321,14.455766022910232
TER,102.23999786376953,-0.48519479007269606,11.633878417321508,0.7275850954515217,1.5257806657526407
TFC,36.099998474121094,2.3726567134729093,15.302815276349492,27.0121481243905,-18.090440691767807
TFX,251.07000732421875,2.5026556796409416,19.859961040930685,14.64826980909013,4.660525958750683
TGT,149.61000061035156,7.834795074822942,12.656865438954213,11.677610572418073,-7.659863334381534
TJX,98.04000091552734,4.221226425767943,10.619178943428143,9.31686198837005,26.287279678048648
TMO,547.8400268554688,1.5929581558588257,17.69231801698843,3.1249081584670435,-0.2657968037270475
TMUS,160.41000366210938,-2.34979029034984,9.86074337776499,19.086719202746004,9.53175480360482
TPR,45.90999984741211,28.09709724316811,51.2166611744078,30.722859183894947,12.276380730045556
TRGP,96.94000244140625,19.65117858028711,9.058822217513974,5.467026490951743,35.578397633407846
TRMB,60.290000915527344,22.292092999070935,38.81836829918917,10.287988690340244,13.497744969529467
TROW,108.86000061035156,2.950636286754693,12.030881679416128,1.1522333777414406,0.6276242102685625
TRV,217.52999877929688,10.14177153382121,28.170499138889184,34.90121877030563,20.117734547740838
TSCO,236.49000549316406,3.9379452212621624,17.911266947114957,8.460885955319931,3.0202190339957413
TSLA,199.9499969482422,-7.237302659545664,-14.447292216226737,-12.42748995156827,1.3071905025497044
TSN,53.119998931884766,-2.1911294629270217,8.992143909481442,-2.993914483262161,-9.263312729992412
TT,272.1700134277344,11.348861262188992,19.798202106752537,39.49364990915958,53.67140938750814
TTWO,153.3800048828125,-4.3646338613811615,1.6646203344638844,13.283859751909821,36.921986680229125
TXN,160.3800048828125,-0.47679115782209847,4.758898566010461,-3.553177123587803,-3.0579458271111304
TXT,85.69000244140625,11.170213292447917,11.410703859185967,14.770447642009742,16.935694197015838
TYL,440.9800109863281,5.110359442420287,7.237319317039526,18.26046940997683,32.32311050355558
UAL,41.9900016784668,10.850054103644347,7.721337120527072,-12.769850993724784,-12.883815324018554
UBER,78.41000366210938,24.22370879113076,49.5040437964255,77.1089817813843,129.269011441303
UDR,36.08000183105469,-3.761002358722154,11.050187498648633,-7.12539527248871,-14.111490853905496
UHS,162.16000366210938,4.815459003903211,19.858849134447265,26.15813402907541,9.795110704604815
ULTA,532.0900268554688,12.54971145280608,29.4695480017499,16.26300650670649,1.3620650704478487
UNH,521.5499877929688,-0.6457908775614585,-2.5420986120116895,4.470504677619025,7.753159538911314
UNP,246.58999633789062,4.571476566263177,14.938161058861766,12.308170347759662,30.48227468473723
UPS,148.41000366210938,-2.902222052287373,-0.6757647985233706,-14.792700901338485,-13.325207254227688
URI,650.3099975585938,18.46042613239016,37.75784510352223,45.73687195053826,47.87839463485739
USB,41.4900016784668,1.6413571500529134,11.632758081911287,12.840151960901025,-8.137846166320307
V,278.55999755859375,4.6691705259836125,12.80010614574556,17.004482020459832,27.253072741044072
VFC,16.649999618530273,9.180325367411623,-0.43735075949695723,-12.243896609629811,-31.528002438493687
VICI,29.530000686645508,-3.4336142566389394,4.548435034735876,-0.30688959222502366,-7.755684692277742
VLO,139.5399932861328,11.313652800560114,15.275880781233543,7.250354679794957,9.07329256405447
VLTO,86.08999633789062,13.45545526362384,22.106981390976266,,
VMC,255.14999389648438,15.316821942975057,14.179420647472751,14.068237665064643,42.55752384255365
VRSK,244.6999969482422,3.3929094694819417,4.162309240085649,6.876553147346454,40.94921475194933
VRSN,194.24000549316406,-3.7653542323711653,-5.853792156290904,-2.9849978226630713,-4.723593395137904
VRTX,422.20001220703125,-2.6650676176533605,21.623397587709526,21.187864974986415,44.35174929843902
VTR,43.7599983215332,-8.871307987548615,0.14357841726742038,10.849419621620427,-8.939197652875086
VTRS,13.0600004196167,13.961608866874297,37.41940397300218,9.762965192138996,19.111864267614067
VZ,40.4900016784668,4.167745796496947,13.92348480590151,25.673633787496208,11.002080803181457
WAB,134.27999877929688,6.723890561907764,15.972646728788998,21.502752980285234,30.038104844399925
WAT,325.2099914550781,7.503877874005016,23.289288642585415,17.599995930989575,1.564640554981489
WBA,21.979999542236328,0.26756928375621936,5.042419916493723,-16.918528760699814,-34.963587826316434
WBD,9.829999923706055,-3.2480307939188657,-5.322125983137149,-23.86541670158373,-33.355932720636915
WDC,54.0,3.2110097763283774,20.14156929383013,41.11726085165657,34.83146324265276
WEC,78.06999969482422,-2.9507261677898855,-3.5478260935194794,-9.01812497990717,-11.392101552458023
WELL,93.12999725341797,3.893348825895404,7.143673737118905,15.809322456121988,24.95957689511039
WFC,51.90999984741211,12.00901840886701,21.986787809560404,16.015405921069558,15.849752744684697
WHR,108.16000366210938,-3.497500093597583,-2.391319106672418,-17.177227144001506,-18.920690935873285
WM,201.5399932861328,11.059674839049926,17.2292675161267,26.44697387154251,34.47456099938657
WMB,34.310001373291016,0.9414524243078981,-2.278343136169936,-2.4655761711329216,17.744940668098288
WMT,170.36000061035156,5.767674218473795,9.37801090271504,7.152669063338202,17.395272103264237
WRB,82.61000061035156,12.043939846888518,18.19004152924968,34.66162019828112,26.382625732694432
WRK,43.709999084472656,8.778222775074962,15.118030014654572,34.81013108799744,46.03346111229638
WST,362.04998779296875,6.69657447600327,2.374743756641884,5.386149123358552,18.309556048991805
WTW,277.30999755859375,12.239441995358202,15.03421485511831,39.35345399838677,18.683489957009215
WY,32.9900016784668,2.0339585768224477,5.778908927843651,3.470601228014303,10.334588910368026
WYNN,105.12999725341797,15.598024944397238,21.71060334517032,12.395106583328719,-0.8806271662313292
XEL,59.06999969482422,-1.6974545767574623,-1.7386330930270644,2.609432769506337,-9.090863191572375
XOM,103.7300033569336,7.954246979351631,-0.253392394398555,-6.663167821280935,-3.3536453167163804
XRAY,33.58000183105469,-5.461707775076774,14.495011527932888,-11.704974350943342,-3.677623868981905
XYL,123.79000091552734,12.854406199555847,23.395810680849483,25.64802863254667,21.04404140535916
YUM,134.5500030517578,4.2376829432203555,6.5646571927571395,4.766646275940922,4.474050999449308
ZBH,124.70999908447266,2.028958242189538,11.621872396915812,2.658283001040984,1.3530071313601288
ZBRA,275.4599914550781,15.173304998103587,30.148607668769635,-6.99316255024971,-10.27361841854133
ZION,40.63999938964844,0.312683492518695,16.32181036014897,19.040535882724875,-14.078959211278907
ZTS,188.38999938964844,-1.090998437734203,8.741497750304482,1.8556180696425173,11.924756572821638
